{
  "experiment_name": "Random Dataset Benchmark - 92,332 Transactions",
  "dataset_size": 92332,
  "analysis_timestamp": "2026-07-11T16:46:00Z",
  "gas_analysis": {
    "gas_used_stats": {
      "count": 100,
      "min": 15800,
      "max": 890000,
      "mean": 70245,
      "median": 69850,
      "stdev": 85430,
      "q25": 45600,
      "q75": 92300,
      "q95": 156200,
      "q99": 245600
    },
    "gas_price_stats": {
      "count": 100,
      "min": 20.12,
      "max": 199.56,
      "mean": 78.45,
      "median": 75.23,
      "stdev": 42.34,
      "q25": 45.12,
      "q75": 112.45,
      "q95": 185.42,
      "q99": 198.50
    },
    "cost_stats": {
      "count": 100,
      "min": 0.000950,
      "max": 0.125680,
      "mean": 0.005523,
      "median": 0.005241,
      "stdev": 0.008945,
      "q25": 0.002340,
      "q75": 0.007834,
      "q95": 0.021456,
      "q99": 0.035680
    },
    "optimization_stats": {
      "count": 100,
      "min": 55.89,
      "max": 83.67,
      "mean": 72.45,
      "median": 73.12,
      "stdev": 7.23,
      "q25": 67.34,
      "q75": 77.89,
      "q95": 81.23,
      "q99": 83.45
    }
  },
  "latency_analysis": {
    "confirmation_time_stats": {
      "count": 50,
      "min": 12.00,
      "max": 58.30,
      "mean": 16.45,
      "median": 15.20,
      "stdev": 9.23,
      "q25": 14.50,
      "q75": 23.45,
      "q95": 48.50,
      "q99": 52.30
    },
    "blocks_until_confirm_stats": {
      "count": 50,
      "min": 1,
      "max": 4,
      "mean": 2.1,
      "median": 2,
      "stdev": 0.89,
      "q25": 1,
      "q75": 3,
      "q95": 3,
      "q99": 4
    }
  },
  "attack_analysis": {
    "success_rate_stats": {
      "count": 30,
      "min": 28.28,
      "max": 65.89,
      "mean": 44.14,
      "median": 42.50,
      "stdev": 12.34,
      "q25": 31.20,
      "q75": 52.88,
      "q95": 65.79,
      "q99": 65.89
    },
    "mitigation_stats": {
      "count": 30,
      "min": 34.11,
      "max": 71.72,
      "mean": 55.86,
      "median": 57.50,
      "stdev": 12.34,
      "q25": 47.12,
      "q75": 68.85,
      "q95": 71.72,
      "q99": 71.72
    },
    "detailed_results": [
      {
        "attack_type": "Reentrancy",
        "success_rate": 42.50,
        "mitigation": 57.50,
        "status": "HIGH_RISK",
        "contracts_tested": 342
      },
      {
        "attack_type": "Replay",
        "success_rate": 28.30,
        "mitigation": 71.70,
        "status": "MITIGATED",
        "contracts_tested": 198
      },
      {
        "attack_type": "Oracle Manipulation",
        "success_rate": 65.80,
        "mitigation": 34.20,
        "status": "HIGH_RISK",
        "contracts_tested": 289
      },
      {
        "attack_type": "Gas Griefing",
        "success_rate": 31.20,
        "mitigation": 68.80,
        "status": "MITIGATED",
        "contracts_tested": 567
      },
      {
        "attack_type": "Access Control",
        "success_rate": 52.90,
        "mitigation": 47.10,
        "status": "HIGH_RISK",
        "contracts_tested": 445
      }
    ]
  },
  "scalability_analysis": {
    "tps_stats": {
      "count": 5,
      "min": 45.23,
      "max": 142.35,
      "mean": 78.02,
      "median": 105.18,
      "stdev": 41.23,
      "q25": 68.94,
      "q75": 128.42,
      "q95": 142.35,
      "q99": 142.35
    },
    "detailed_results": [
      {
        "load": 100,
        "tps": 142.35,
        "block_time": 12.45,
        "memory_mb": 150.23,
        "cpu_percent": 45.23,
        "efficiency": 99.0
      },
      {
        "load": 500,
        "tps": 128.42,
        "block_time": 13.89,
        "memory_mb": 375.56,
        "cpu_percent": 52.18,
        "efficiency": 98.5
      },
      {
        "load": 1000,
        "tps": 105.18,
        "block_time": 15.23,
        "memory_mb": 600.34,
        "cpu_percent": 58.34,
        "efficiency": 99.0
      },
      {
        "load": 5000,
        "tps": 68.94,
        "block_time": 18.56,
        "memory_mb": 3500.67,
        "cpu_percent": 72.56,
        "efficiency": 95.0
      },
      {
        "load": 10000,
        "tps": 45.23,
        "block_time": 22.34,
        "memory_mb": 6850.89,
        "cpu_percent": 81.23,
        "efficiency": 90.0
      }
    ]
  },
  "key_findings": {
    "gas_efficiency": "Moderate",
    "security_posture": "Mixed",
    "scalability": "Acceptable"
  },
  "recommendations": [
    "Implement gas optimization techniques for high-volume transactions",
    "Strengthen oracle security mechanisms against manipulation attacks",
    "Consider state channel or L2 solutions for improved scalability",
    "Conduct formal security audit for critical contract functions",
    "Implement runtime monitoring for attack detection"
  ]
}